{
  "title": "QSR Beverages",
  "subtitle": "Café Favourites",
  "featured_image": "images/coffee_tea_large.png",
  "prices": true,
  "items": [
    {
      "available": true,
      "id": "Coffee",
      "product": "Coffee",
      "english_name": "Coffee",
      "sub_text": "Available in Decaf",
      "prices": [2.69, 2.69, 4.49, 2.69, 4.49],
      "image": ""
    },
    {
      "available": true,
      "id": "Tea",
      "product": "Tea",
      "english_name": "Tea",
      "sub_text": "Steeped • Specialty Tea",
      "prices": [1.24, 1.24, 1.33, 1.52, 1.71],
      "image": ""
    },
    {
      "available": true,
      "id": "French_Vanilla_English_Toffee",
      "product": "French Vanilla or English Toffee",
      "english_name": "French Vanilla or English Toffee",
      "sub_text": "",
      "prices": [1.48, 1.48, 1.57, 1.85, 2.14],
      "image": "images/french_vanilla_english_toffee.png"
    },
    {
      "available": true,
      "id": "Hot_Chocolate",
      "product": "Hot Chocolate",
      "english_name": "Hot Chocolate",
      "sub_text": "Regular • White",
      "prices": [1.24, 1.24, 1.33, 1.52, 1.71],
      "image": "images/hot_chocolate.png"
    },
    {
      "available": true,
      "id": "Café_Mocha",
      "product": "Café Mocha",
      "english_name": "Café Mocha",
      "sub_text": "",
      "prices": [1.67, 1.67, 1.81, 2.14, 2.33],
      "image": "images/cafe_mocha.png"
    },
    {
      "available": true,
      "id": "French_Vanilla_Supreme",
      "product": "French Vanilla Supreme",
      "english_name": "French Vanilla Supreme",
      "sub_text": "",
      "prices": [1.48, 1.48, 1.57, 1.85, 2.14],
      "image": "images/french_vanilla_supreme.png"
    }
  ]
}
